source_id,RA_deg,RA_error,Dec_deg,Dec_error,parallax,parallax_error,pmra,pmra_error,pmdec,pmdec_error,radial_velocity,radial_velocity_error,l,b,phot_g_mean_mag,phot_bp_mean_mag,phot_rp_mean_mag,bp_rp,ruwe,distance_gspphot,phot_bp_rp_excess_factor
1.43E+18,260.3207068,0.012743464,58.02036584,0.012343833,3.344986426,0.014015607,-14.05161414,0.015420246,8.556752679,0.018539246,-14.980134,0.57098067,86.48501468,34.57300608,11.276522,11.54126,10.851185,0.6900749,0.77400064,294.2517,1.1910932
1.43E+18,259.3929617,0.010909525,57.99506116,0.012092224,2.991700629,0.012251946,-6.353578967,0.014120466,11.75097803,0.015019319,-12.264703,0.29053348,86.49319262,35.06513138,11.258544,11.556997,10.794978,0.76201916,0.8194897,327.9847,1.1960357
1.43E+18,260.4788428,0.011184874,57.87761612,0.010217927,0.970259502,0.011843381,-6.734060857,0.013330814,-3.350280468,0.013936628,16.263296,2.8970752,86.30628758,34.49722579,13.414574,13.820971,12.844709,0.97626114,0.84575194,1064.3865,1.2102538
1.43E+18,259.4363564,0.010031175,57.92283495,0.011321165,6.51164162,0.010397951,3.459223539,0.013078858,-64.6452762,0.014836893,-26.545944,0.24440008,86.4031826,35.04730674,9.301533,9.530187,8.911694,0.6184931,0.88541675,153.0898,1.1902648
1.43E+18,259.4784996,0.011778979,57.76153223,0.01392932,1.651168034,0.012594248,-4.494927692,0.015990332,-5.743786295,0.01760259,-11.805593,0.5779025,86.20474595,35.03607213,11.729781,12.005023,11.294887,0.7101364,0.88564897,586.7397,1.1911284
1.43E+18,259.4409584,0.016850956,57.79737322,0.020612443,1.050562809,0.018185439,7.382629959,0.022849914,-2.235458716,0.026830744,-35.08148,8.008404,86.2500909,35.0535944,14.776782,15.217146,14.153644,1.0635023,0.89219767,921.0354,1.2306713
1.43E+18,260.1176593,0.012827321,57.88506882,0.012719539,2.380540053,0.013167337,5.147118293,0.016721942,-18.59570732,0.017817898,-27.08809,0.6916886,86.32857874,34.68852399,11.435532,11.708021,11.000102,0.7079191,0.8961822,407.1539,1.1928666
1.43E+18,260.1510704,0.00970463,58.35208598,0.0096616,0.884269462,0.009857253,1.274901413,0.014166607,9.294343522,0.013623354,20.190866,0.21088539,86.89395807,34.64189035,10.734594,11.2318945,10.078869,1.1530256,0.9003914,,1.2287424
1.43E+18,259.6265546,0.011089372,57.76350555,0.012297112,0.583476766,0.012752382,-2.369351359,0.013390276,-4.114998171,0.017092714,-7.9433503,0.27098322,86.20072224,34.95713939,11.571247,12.089141,10.897686,1.1914549,0.9014896,1709.7039,1.2328771
1.43E+18,259.5805438,0.012047819,57.68320578,0.012412484,1.033641039,0.011856819,-2.458506611,0.014694969,-5.224335396,0.015053938,-18.182634,2.3990016,86.10489918,34.98690978,13.668808,14.144411,13.031332,1.1130791,0.91527504,954.2296,1.225166
1.43E+18,260.383801,0.011533304,58.15751323,0.010626006,1.930982702,0.011407967,-3.604647092,0.014259876,-15.14427776,0.014722425,-15.814809,1.0380889,86.64888171,34.531691,11.847384,12.17166,11.360739,0.81092167,0.9153308,,1.1969484
1.43E+18,259.992812,0.009767839,57.7250226,0.009881656,0.531105459,0.010404465,-1.052186817,0.011657399,-15.63694109,0.014565739,-113.97219,1.5370011,86.13901393,34.76445821,13.472631,13.979144,12.811884,1.1672602,0.91884905,1590.9563,1.2284361
1.43E+18,259.7503704,0.013275187,57.675237,0.013680702,2.188010461,0.013766786,-25.29406818,0.016402729,16.0100402,0.017912725,-87.31652,2.8581758,86.08811511,34.89680585,14.062853,14.502478,13.458231,1.0442467,0.9208239,454.2648,1.2183647
1.43E+18,259.6254199,0.012195915,58.35875935,0.013709982,3.975962937,0.013324881,-6.930997735,0.01797984,31.07347077,0.024050267,-23.503561,0.6005561,86.9251458,34.91656016,9.150845,9.26678,8.930016,0.33676434,0.9222147,252.2233,1.1676457
1.43E+18,260.1278349,0.011510754,57.93204779,0.011152027,0.81808727,0.012092267,2.944657982,0.015312172,2.921653272,0.016141007,-25.650688,0.20700645,86.38521469,34.68031867,11.293192,11.881656,10.566988,1.3146677,0.92412704,,1.2434402
1.43E+18,259.7428901,0.009909603,58.32447318,0.013007922,2.408978855,0.010667605,-2.006032713,0.012922797,1.959192394,0.016277138,-1.656587,2.1244655,86.8780668,34.85752217,13.0363865,13.370652,12.539613,0.8310394,0.92793113,409.3507,1.1981975
1.43E+18,260.1562376,0.008705964,57.75091818,0.008682971,2.516356589,0.009221205,-10.16968935,0.010512758,5.852818268,0.012338228,-6.9087267,1.3115239,86.16425998,34.67585814,13.043671,13.4447775,12.482723,0.96205425,0.9326578,395.5495,1.2068703
1.43E+18,260.1355616,0.012162083,57.63628732,0.011765698,1.052944139,0.012868959,3.296397869,0.015758436,-6.628750646,0.01704044,-27.403645,3.234892,86.02584619,34.69340779,13.886501,14.180277,13.435504,0.7447729,0.9482591,900.4219,1.1909902
1.43E+18,260.5937677,0.018274296,57.57894592,0.019210188,3.148750541,0.019270733,21.32386915,0.025078949,-22.3417378,0.025608039,-21.915909,5.778035,85.94064482,34.45129142,15.107578,15.926448,14.219614,1.7068338,0.9527982,325.0883,1.2947999
1.43E+18,260.1645881,0.01816767,58.13620992,0.01698087,2.71939241,0.018633282,0.097051579,0.0238815,-13.76676025,0.02591712,6.643891,3.8630934,86.63153361,34.64845411,14.740419,15.384967,13.971008,1.4139585,0.956369,361.1194,1.2555647
1.43E+18,260.6803918,0.016105294,57.79337165,0.015740141,0.637118882,0.016152086,2.683501316,0.019483685,-10.54038711,0.018401362,-13.63469,6.831683,86.19750227,34.39445776,14.444809,14.773365,13.954081,0.81928444,0.9570502,1463.376,1.1973143
1.43E+18,260.2493208,0.009101596,58.35601215,0.0095702,2.170310807,0.009765735,5.89663375,0.012325003,10.20944822,0.014104771,-23.929193,2.9898229,86.89471211,34.59019584,13.058627,13.354477,12.599505,0.7549715,0.95833045,436.6533,1.1947236
1.43E+18,259.7031675,0.01092878,57.62416632,0.010892286,1.733559363,0.011414154,-4.221261805,0.01341961,-19.09893685,0.014742216,-45.067493,1.7520497,86.02788924,34.92521416,13.308352,13.670048,12.784323,0.885725,0.9676618,561.0287,1.2018082
1.43E+18,259.5954109,0.017577162,58.31912626,0.018313162,1.11400444,0.020347638,-8.861946386,0.023196215,7.304927461,0.025448143,-58.163193,5.5307555,86.87833303,34.93515459,14.61705,15.006912,14.067744,0.939168,0.96865976,866.1488,1.2045627
1.43E+18,259.85716,0.012583647,57.74522536,0.012067709,2.00102875,0.012566678,-2.289863417,0.014027717,15.0163275,0.015057192,-24.872826,2.7594433,86.16892407,34.8355142,13.884402,14.304422,13.304712,0.9997101,0.9687386,505.0073,1.2105024
1.43E+18,260.1158786,0.015935501,58.30579348,0.018102251,1.356061322,0.016226152,-5.074513397,0.020805014,-7.325821876,0.02572331,-52.986465,8.687584,86.839254,34.6633232,14.35488,14.690763,13.852091,0.83867264,0.9696415,711.5802,1.2010992
1.43E+18,259.8736697,0.009351573,57.63690738,0.009014959,1.386634873,0.00969535,-7.588210152,0.011477319,4.823832366,0.011359474,-5.4503694,2.1551208,86.0365485,34.83332057,13.076267,13.34998,12.645429,0.7045517,0.97003275,703.671,1.189578
1.43E+18,259.44788,0.01310402,58.10908988,0.013506226,1.100816178,0.013812843,-0.629248611,0.017265018,-4.976008352,0.017899012,-46.81805,4.955192,86.62954901,35.02791465,14.243884,14.582435,13.741321,0.84111404,0.9705914,849.3724,1.1996536
1.43E+18,259.4878202,0.015328109,58.26921304,0.015512703,3.27814177,0.017181547,-4.052642073,0.020871071,-17.74471535,0.021041477,-29.991669,5.4541254,86.82264715,34.99520597,14.459897,15.13888,13.669334,1.4695454,0.9708792,299.8262,1.2598804
1.43E+18,260.3239054,0.013722816,57.61604785,0.013816416,0.85298546,0.014169807,-0.516393637,0.018153239,7.581210692,0.019234028,-74.68388,5.5741844,85.9945671,34.59382094,14.385749,14.674023,13.930896,0.74312687,0.9710004,1134.2635,1.1960695
1.43E+18,259.8187199,0.022023495,57.58748001,0.02113818,2.264181015,0.022593424,-0.022948394,0.027182106,-4.069754935,0.026541889,3.8033485,1.8232166,85.97859556,34.86568579,10.33504,10.452371,10.119354,0.3330164,0.9715824,,1.1643713
1.43E+18,260.3573615,0.016297268,57.83898008,0.014430915,0.948326822,0.015778722,-0.3930002,0.021647666,1.692944398,0.020965036,-25.568779,4.926153,86.26375247,34.56387304,14.464841,14.808729,13.955684,0.85304546,0.9746868,1038.2783,1.2011234
1.43E+18,259.8679948,0.011953268,58.07068848,0.012378398,0.543474542,0.012758657,-0.64897382,0.016001036,-2.395153494,0.016848085,-117.00556,0.23054491,86.5641295,34.80902855,11.41241,12.04717,10.647761,1.3994083,0.975917,,1.2554486
1.43E+18,260.0291072,0.011207109,58.19960519,0.010990691,2.117066359,0.012310341,-1.184939876,0.013129783,-11.91940482,0.015156164,-11.258174,2.0353968,86.71397305,34.71575435,13.189768,13.522099,12.694167,0.8279314,0.9770137,460.0746,1.198429
1.43E+18,260.1589162,0.013790981,58.17484294,0.013259815,0.780207006,0.014543776,0.101941344,0.016971087,-9.18835286,0.019689692,-46.565502,2.3604593,86.67863042,34.64903904,13.911695,14.347409,13.314788,1.0326214,0.9770336,1060.5725,1.2149085
1.43E+18,259.7251548,0.021692626,58.22063727,0.025982345,2.275785651,0.024660176,-0.195559186,0.02634751,-7.868494821,0.03402851,-19.719296,7.34343,86.75262177,34.87410409,15.109862,15.863841,14.263529,1.6003122,0.9799724,436.1973,1.2799343
1.43E+18,259.8097491,0.011185196,57.58906144,0.013242944,1.459025551,0.012273868,9.93729189,0.013887049,-16.13321411,0.016596591,-36.085964,1.779286,85.98087457,34.87038948,13.531431,13.896407,13.0066805,0.88972664,0.9810414,672.8959,1.2006937
1.43E+18,259.505411,0.014137097,57.72040093,0.016922466,0.823103136,0.014701044,-7.450730166,0.017297288,-12.9255405,0.020887759,-30.438093,6.9951878,86.15344833,35.02450985,14.172423,14.514544,13.668192,0.8463516,0.9820601,1169.022,1.1989397
1.43E+18,260.6638619,0.012021809,58.25747688,0.011231976,2.108585971,0.011871544,-7.610037755,0.016420284,2.810567015,0.015574168,-14.026746,3.3491676,86.75966114,34.3786574,13.835512,14.252835,13.256177,0.9966583,0.9843622,461.3034,1.2114924
1.43E+18,260.1778171,0.01357824,57.73190925,0.012777403,2.015073653,0.01377263,8.97101414,0.017494043,-25.64475127,0.018902235,-18.828516,5.600896,86.1403849,34.6654447,14.209007,14.632643,13.622056,1.0105867,0.9851626,491.8301,1.2136819
1.43E+18,260.4410158,0.011374509,58.05895997,0.009993506,1.131499984,0.012387221,3.578026765,0.014363455,-17.61885326,0.013854899,-68.7737,1.7805064,86.52734811,34.50721035,13.199525,13.630911,12.600077,1.0308342,0.9897824,,1.2185566
1.43E+18,259.6867229,0.014888308,58.26055286,0.01895701,0.132624196,0.016973607,-5.976639378,0.018887175,5.175235451,0.02370127,-92.3392,4.643747,86.80288979,34.89148354,14.355291,14.851915,13.695563,1.156352,0.9936351,6160.8706,1.2318716
1.43E+18,260.6337237,0.011384754,57.97169653,0.010619873,0.288418844,0.012080469,0.936513792,0.015047537,-1.433667149,0.013131888,-68.14465,1.4436,86.41488983,34.4100697,13.150703,13.6518955,12.493362,1.1585331,0.9938091,3639.1372,1.2282472
1.43E+18,259.4896978,0.015573128,57.7636322,0.018311447,1.887009956,0.016697029,7.760927848,0.021379322,18.01757904,0.023788732,-11.768671,2.8636706,86.20681078,35.02997022,11.2755995,11.442586,10.979102,0.4634838,0.99384993,519.687,1.1749443
1.43E+18,259.6491534,0.015147635,57.56218651,0.01536218,0.810782888,0.015764432,-1.281012914,0.019415598,-0.617411432,0.020114621,-17.294237,7.0861044,85.95464412,34.95799313,14.408811,14.695412,13.955139,0.7402725,0.99474674,1147.0024,1.1962302
1.43E+18,259.7097843,0.011413102,58.19063728,0.013745938,0.517101402,0.013347275,-3.312191212,0.015234512,0.107761244,0.0179272,-44.61221,1.3527036,86.7168274,34.88426883,13.537505,14.059038,12.867,1.1920385,0.995519,2001.6307,1.2291718
1.43E+18,259.9337787,0.026076227,58.25752807,0.028662592,29.47942462,0.028974975,59.45449096,0.030978646,-84.06711027,0.041141268,-6.4463925,5.1802816,86.78832555,34.76202827,15.364263,17.410934,14.039191,3.3717432,0.9979222,34.0431,1.5364993
1.43E+18,260.4495181,0.013014725,57.69214956,0.013964602,0.253007813,0.013801556,-6.551855601,0.01589357,-8.02793516,0.018577041,-98.92555,2.7218838,86.08254072,34.52269378,14.036644,14.539807,13.372974,1.1668329,1.0033704,,1.2319257
1.43E+18,259.3970616,0.012192279,58.14605669,0.012498263,1.796970094,0.013017296,7.294479384,0.015329433,-19.57311729,0.0157344,-3.5770304,0.7227946,86.67697378,35.05197474,11.684133,11.91697,11.296889,0.62008095,1.0050293,,1.1865656
1.43E+18,260.4439094,0.012332833,57.66866418,0.013117211,1.463143481,0.013287479,-3.005035495,0.016083563,6.328647118,0.017842108,-20.918755,2.751891,86.05426358,34.52691332,14.050806,14.445104,13.501238,0.9438658,1.0052152,668.2662,1.2026664
1.43E+18,259.9308558,0.015567866,58.32657357,0.019660134,0.752172148,0.017048731,3.72780793,0.01974487,2.778691996,0.027474074,-5.110598,6.620111,86.87230453,34.7589139,14.37896,14.700828,13.894289,0.8065386,1.0064894,1247.804,1.1969453
1.43E+18,259.6731792,0.010487735,57.79721324,0.010871675,1.687678574,0.011188879,10.78695457,0.013143229,-19.98614429,0.015018851,-47.936005,2.232714,86.23977184,34.93012922,13.111755,13.384803,12.672772,0.7120304,1.0104696,569.1577,1.1946372
1.43E+18,260.1464971,0.014411257,57.59781717,0.013995132,0.822903663,0.014765671,8.803851707,0.018656539,-20.39831638,0.020393308,-67.614044,4.3571577,85.978733,34.68971479,14.442259,14.747682,13.969999,0.7776823,1.0107096,1391.0653,1.1976972
1.43E+18,259.8621718,0.010763579,57.98917386,0.011549678,1.01957346,0.011517534,-2.673617615,0.013482992,7.921810478,0.014287582,-55.9498,0.13883601,86.46530036,34.81741701,9.472818,10.106177,8.712829,1.3933487,1.0122833,992.4979,1.2523259
1.43E+18,259.7974354,0.014099307,57.71208483,0.014173502,1.076656751,0.014074189,-0.669790888,0.0180683,-5.415066938,0.017913511,12.964977,4.2522144,86.13103043,34.86939916,14.249012,14.583962,13.75181,0.83215237,1.0146991,884.8582,1.1981229
1.43E+18,259.4574839,0.016734269,58.33257951,0.016839957,0.920663427,0.018069047,-6.467298537,0.021494737,8.466998802,0.021919128,-66.43725,6.605673,86.90123789,35.00638593,14.652996,15.002435,14.137667,0.864768,1.0159756,1026.478,1.2022648
1.43E+18,259.7131717,0.014088728,57.72541512,0.013001293,0.629671355,0.014420023,-3.092687574,0.015621923,-2.479578858,0.01757816,-0.046939746,5.884603,86.15070982,34.91347215,13.885274,14.184008,13.428717,0.755291,1.0163186,,1.1917437
1.43E+18,259.7065203,0.015581414,58.38857455,0.019031398,0.697047897,0.01726417,0.233903027,0.02124914,-8.300598625,0.024343513,-69.45304,6.959944,86.9576496,34.87198707,14.572665,14.87164,14.106876,0.76476383,1.0165021,1757.8575,1.1970943
1.43E+18,259.9128991,0.010896781,57.7771834,0.01043999,0.421256656,0.010982979,-6.004137456,0.013119346,0.538277805,0.014191253,10.902451,1.672421,86.20554652,34.80386768,13.449871,13.903247,12.827901,1.075346,1.0166115,2274.9243,1.224109
1.43E+18,260.120767,0.010470904,57.79608744,0.01026134,2.019383008,0.010631202,1.342591069,0.012452845,17.25704599,0.014423769,-26.169952,2.5729485,86.22043044,34.6921251,13.448379,13.791854,12.943212,0.84864235,1.018816,486.2172,1.1988561
1.43E+18,260.4432945,0.011024205,58.39010081,0.01035423,0.785290041,0.011402715,7.954185552,0.015299045,-6.448332929,0.014884069,5.2031894,1.6961546,86.92836252,34.48656167,13.4529085,13.953171,12.801582,1.1515884,1.0204649,,1.2243785
1.43E+18,259.6714487,0.01741606,57.66194613,0.017386613,0.724733571,0.018280972,6.234643358,0.021801738,4.640639392,0.023760082,-101.87394,4.229819,86.07518792,34.93976925,14.603546,15.067043,13.97801,1.0890331,1.0212119,1600.0234,1.222132
1.43E+18,259.4457563,0.012825565,58.20746692,0.013760655,1.906166969,0.013945422,5.175794176,0.016620412,-29.19438871,0.01731499,-10.095975,4.430583,86.74946044,35.02184181,14.299097,14.721284,13.712819,1.0084648,1.0212781,519.3331,1.2138901
1.43E+18,259.4820654,0.009241088,58.01356961,0.009899879,1.49546433,0.010325527,-3.465678566,0.011740186,9.664488394,0.012505244,-10.9462595,1.7085806,86.51162624,35.01671897,13.238302,13.568728,12.748602,0.82012653,1.0230366,654.5485,1.1957654
1.43E+18,259.8659104,0.010278169,57.84742864,0.009953414,1.619811721,0.010271103,-7.148650122,0.012992106,-18.25256764,0.012680785,-12.821419,1.8934437,86.29283606,34.8244831,13.252722,13.547387,12.799263,0.7481241,1.0242096,607.0958,1.1919839
1.43E+18,259.9528906,0.011781916,57.61051572,0.010669249,2.517437736,0.011648709,15.82331533,0.015101098,-51.19514833,0.014615486,-20.211859,1.9149121,86.00138505,34.79254569,13.70298,14.175942,13.075744,1.1001987,1.0283922,393.468,1.2191982
1.43E+18,260.6686217,0.013183072,57.61741603,0.01364906,0.72346182,0.013374184,-1.877676168,0.018265381,-12.12610678,0.01715116,-57.182255,3.5879488,85.98487731,34.40936565,14.237671,14.5769615,13.734002,0.8429594,1.0286107,1321.607,1.1999738
1.43E+18,259.8543096,0.009884785,57.87946532,0.010094657,0.503245837,0.010264532,2.247025894,0.012672999,-4.945411643,0.01286819,-40.683296,0.570646,86.33226028,34.82861605,12.028193,12.539417,11.356968,1.1824493,1.0311157,1751.7845,1.2339678
1.43E+18,260.4631146,0.013149255,58.32923435,0.012515591,1.339839189,0.01339863,5.370092258,0.018060451,-3.575446814,0.01817354,3.902597,7.163093,86.85389634,34.47984651,14.275034,14.5622,13.667522,0.89467716,1.0312879,730.8591,1.293251
1.43E+18,259.7976901,0.014867606,58.01342753,0.015034454,1.797559439,0.015016944,-3.644689154,0.019208752,-0.140564142,0.018782739,19.535458,3.2151349,86.497506,34.84992779,14.314715,14.730082,13.738668,0.9914131,1.0321178,533.5399,1.2102127
1.43E+18,260.266735,0.012539078,57.63737361,0.012717138,1.842068168,0.013183578,7.397781802,0.016777037,-0.335425435,0.01890486,-12.199038,5.217833,86.022441,34.62324026,14.12719,14.519505,13.570243,0.94926167,1.0321238,521.4437,1.2083503
1.43E+18,260.5584658,0.012056855,58.19508555,0.010264464,2.35529791,0.012066965,-2.260825381,0.015662726,-9.388749625,0.014342452,-27.062628,0.14358415,86.68793799,34.43757377,9.384258,9.940649,8.680344,1.2603054,1.034122,,1.2393894
1.43E+18,260.2588822,0.013968298,57.76905062,0.014034488,0.786102997,0.014597364,-1.369520868,0.017302979,-8.708555316,0.019826835,-12.29776,7.662585,86.18249016,34.62016029,14.433185,14.716595,13.98663,0.72996426,1.0353132,,1.1936935
1.43E+18,260.5671328,0.014969153,57.64918513,0.014767046,1.561109921,0.015429462,6.651292118,0.020006813,-16.78310466,0.019465927,-22.233973,6.0870414,86.0265794,34.4620736,14.572037,14.947322,14.027881,0.9194412,1.0355769,630.7128,1.2081046
1.43E+18,259.792872,0.016351715,58.35650855,0.024500448,1.046661724,0.017435476,-4.214525967,0.02379965,0.610502487,0.031535268,-17.847294,7.339718,86.91475305,34.82909799,14.522397,14.876606,14.00729,0.8693161,1.0372669,940.178,1.1998215
1.43E+18,259.4506082,0.016733091,57.76572073,0.020911915,2.684272855,0.018221589,6.353778518,0.021519247,40.78092571,0.025689512,16.089087,3.4562786,86.21108597,35.05063048,14.529344,15.145784,13.779076,1.3667088,1.0375915,370.4478,1.2511256
1.43E+18,260.2770159,0.011261291,57.59268457,0.011624211,1.248942275,0.012205805,5.676567999,0.013897054,-1.448164169,0.018063232,-3.3541539,4.684462,85.9678535,34.62015547,13.583414,13.867653,13.143975,0.72367764,1.0377935,773.7108,1.1891191
1.43E+18,259.9408809,0.014561437,57.98323567,0.015529911,0.885669279,0.015234237,-7.785420161,0.018499754,0.988938833,0.022614539,-45.59999,2.9013429,86.45482779,34.77615774,14.340958,14.723288,13.80335,0.91993713,1.037997,1080.9625,1.2006066
1.43E+18,259.9400356,0.011078734,58.10359698,0.012248164,1.192692321,0.012425107,-13.85444897,0.014253806,36.40832064,0.017714623,-55.28593,3.2041926,86.60108849,34.76887916,13.554593,13.870563,13.07085,0.7997122,1.0409437,819.9009,1.1993207
1.43E+18,260.215281,0.01226477,57.59581133,0.012376075,0.949018688,0.012742014,-3.000117581,0.015698664,0.071454365,0.017307183,-33.026016,3.621444,85.97382554,34.65302207,14.042303,14.354528,13.5648575,0.78967094,1.041232,1033.0856,1.1973922
1.43E+18,259.6427164,0.014766184,57.59831649,0.015006765,2.193970519,0.015518716,-4.862014791,0.018497065,5.799531085,0.0195389,8.546714,4.3616304,85.99890614,34.95915977,14.394682,14.90906,13.735898,1.1731615,1.0458109,457.4666,1.2237552
1.43E+18,259.784902,0.0165198,58.28624139,0.022133982,2.487248103,0.018550964,-5.093878083,0.021072237,-1.195003144,0.02759936,-12.022209,5.7207737,86.8297116,34.8381812,14.503273,15.129904,13.727244,1.4026594,1.0459698,399.5359,1.2674556
1.43E+18,259.5015952,0.010368768,58.17736576,0.01031898,0.58863464,0.011360363,-6.460828394,0.013404321,6.140006486,0.013423011,-5.953733,1.1565826,86.71018187,34.99468985,13.150293,13.626053,12.5148735,1.1111794,1.0467356,1465.6625,1.2236663
1.43E+18,259.7156604,0.015544272,57.83524659,0.016750421,1.437024288,0.0173819,-9.641117373,0.02092455,16.43396511,0.025925402,-42.498642,5.803584,86.28425846,34.90507176,14.615437,15.034808,14.032174,1.002634,1.046849,681.8038,1.2131625
1.43E+18,259.7785048,0.012473315,58.07945586,0.015579116,0.597206252,0.014490698,-4.085677533,0.017117266,-5.148524801,0.019780917,0.59496003,2.749559,86.57861215,34.85566559,13.991169,14.4287615,13.379747,1.0490141,1.0473709,,1.2238867
1.43E+18,259.6263648,0.016751425,57.8181006,0.022275528,1.897450899,0.019932423,-2.504926758,0.022594409,36.46844949,0.032203518,-79.34012,5.562116,86.26719757,34.95364314,14.727812,15.162239,14.1265135,1.0357256,1.0481714,535.1988,1.2184409
1.43E+18,260.2954761,0.014096631,58.16259395,0.013875465,1.363509716,0.014486826,0.226582567,0.017286496,-17.38139325,0.020387506,8.167798,5.7641788,86.65840746,34.57790158,13.942056,14.258508,13.465751,0.79275703,1.0500307,660.4058,1.1945921
1.43E+18,260.4892197,0.014117839,58.05069547,0.01237751,1.04133946,0.014949581,4.110138037,0.01627456,-4.85246389,0.017367631,-65.527695,1.8186586,86.5155923,34.48221166,12.8861265,13.21087,12.391577,0.819293,1.0516644,888.3499,1.2015313
1.43E+18,260.2620947,0.010165076,57.57927642,0.010419709,0.658917001,0.010843883,2.41518419,0.013643406,0.5130008,0.015402241,-42.319473,7.0530267,85.95210502,34.62886216,13.428035,13.736025,12.944568,0.7914572,1.0527846,,1.2031517
1.43E+18,260.6216059,0.017386317,57.99962304,0.015717015,1.479371788,0.017800843,-12.59016313,0.022066982,-24.99902565,0.019162744,-51.64893,7.2363963,86.44910615,34.41500242,14.505252,14.909501,13.9350605,0.9744406,1.0531862,662.7578,1.211455
1.43E+18,260.6037362,0.012075903,58.04433698,0.011476028,1.103110421,0.012399612,-7.45181081,0.014181393,-20.51750537,0.013731595,10.462038,3.3217804,86.50384757,34.42204962,13.545822,13.836607,13.094721,0.74188614,1.0542045,829.5358,1.1925768
1.43E+18,260.204037,0.018423043,58.28204593,0.016777236,0.98496494,0.018383928,-12.07933895,0.021486225,-8.971467749,0.022655243,-65.679214,7.243206,86.80685223,34.61860162,14.537197,14.888399,14.020438,0.86796093,1.0545763,936.0461,1.2023038
1.43E+18,259.9721547,0.018746633,58.30388912,0.021362908,1.497476423,0.020463403,-7.892865045,0.024006268,1.09341157,0.029697929,-45.169422,5.0314,86.84298244,34.73879748,14.740739,15.16352,14.158207,1.0053129,1.0571744,631.4334,1.2111323
1.43E+18,260.6545017,0.016725525,57.95199842,0.014085307,1.058794764,0.01727054,-0.130371148,0.01913388,-12.24458567,0.016751789,-8.63608,5.029862,86.39034618,34.40009755,14.101263,14.421906,13.600371,0.8215351,1.0617837,873.1314,1.2074542
1.43E+18,260.520436,0.014759816,58.13362317,0.013769099,1.103990071,0.015223999,-0.327801763,0.018014116,-5.872140908,0.017505366,-37.31994,5.5846686,86.61489917,34.46107714,14.310599,14.652711,13.8017,0.8510113,1.064309,845.0117,1.2018293
1.43E+18,260.1569871,0.013660146,58.03664346,0.013123193,1.957388705,0.014477847,-2.686998532,0.016168682,9.517549889,0.017930936,-3.510869,8.427417,86.51102344,34.65857362,10.166286,10.772714,9.424604,1.3481092,1.0662562,473.1741,1.2483175
1.43E+18,260.0723886,0.013483682,57.87106558,0.012367696,0.879856607,0.013218458,-0.616311729,0.016618662,-2.785398208,0.018497497,-17.635015,4.429485,86.3133287,34.71339034,13.965018,14.304823,13.461826,0.8429966,1.0693183,1116.769,1.1994284
1.43E+18,259.965661,0.009949949,57.84353793,0.009858298,2.347260281,0.010276378,3.215141327,0.012376403,-22.4100307,0.014564955,5.398623,1.5571325,86.2840882,34.77173991,13.217357,13.588408,12.682366,0.9060421,1.070669,415.6006,1.2042685
1.43E+18,259.4309141,0.01067657,58.06329253,0.010966697,2.107776368,0.011230229,-10.4783234,0.013747181,-3.036268414,0.013969225,16.27636,1.9166998,86.57455617,35.04017231,13.022441,13.319436,12.558484,0.760952,1.0710093,458.8411,1.1970091
1.43E+18,260.3470909,0.014023915,58.11752169,0.013476887,2.67733055,0.015035976,9.631832869,0.017662369,-14.21268517,0.01859372,-11.081476,2.506665,86.60179991,34.55338998,13.927458,14.412086,13.283839,1.1282463,1.0729916,358.0936,1.2255887
1.43E+18,260.0057521,0.01610249,57.65630011,0.015423706,1.782819007,0.01676282,-3.306914605,0.019928996,-2.004472754,0.022799421,-47.542713,4.4714313,86.05500968,34.76161086,14.699802,15.187775,14.055438,1.1323366,1.0730268,543.4011,1.224685
1.43E+18,260.4330435,0.019052446,58.16261205,0.016923437,3.715168276,0.01847007,16.4318396,0.023646811,-40.07496029,0.022882152,-37.956173,5.235275,86.65321564,34.50545948,14.588548,15.398848,13.707949,1.6908989,1.0733207,263.2708,1.2910552
1.43E+18,260.4921998,0.014520401,58.04401476,0.01239221,0.531184894,0.014485492,-2.123524221,0.019444402,-0.738420946,0.017361328,-73.79519,1.7402911,86.50739342,34.48101035,13.613441,14.161613,12.926262,1.2353516,1.0735213,,1.2303787
1.43E+18,260.6502926,0.012019187,57.67625692,0.012083216,2.45305494,0.012208606,2.97418578,0.015662543,11.6436959,0.015320678,-46.260414,2.5525556,86.05669392,34.41630546,13.861541,14.3398285,13.232046,1.1077824,1.0741146,404.8666,1.2184646
1.43E+18,260.5396314,0.012924881,57.99146643,0.012229187,1.817008731,0.013737161,-2.497068252,0.016404772,13.38486252,0.015003691,-25.393238,3.1363623,86.44207036,34.45882421,13.760335,14.13162,13.227213,0.9044075,1.0745876,533.4745,1.2029731
1.43E+18,260.0612041,0.015596391,58.19789886,0.015800849,0.906096569,0.017031133,-0.648705063,0.019334968,5.538386737,0.022584062,15.6471195,7.0994697,86.71057539,34.69898529,14.3490095,14.678388,13.851721,0.82666683,1.0748307,1039.5736,1.2009181
1.43E+18,259.8154416,0.017830001,58.2424259,0.023044817,2.268258539,0.020627927,-30.77080339,0.02128202,-35.53868717,0.028203659,-15.592679,6.473863,86.77510945,34.82517823,14.688052,15.20408,14.0161705,1.1879091,1.0755839,434.3333,1.232442
1.43E+18,259.9485478,0.021366447,57.5661817,0.019554062,2.83725533,0.02085374,-22.40701901,0.029016644,-30.66434717,0.02775766,-61.24416,3.6753187,85.94765657,34.79746434,15.094768,15.861091,14.240335,1.6207552,1.0765907,,1.2827127
1.43E+18,259.725448,0.017196266,57.89974147,0.01840484,0.647400251,0.01898044,-16.5846534,0.022805363,-11.55472163,0.024785398,-171.16188,18.809235,86.36231316,34.89565962,14.686267,15.029633,14.160846,0.8687868,1.083961,1869.274,1.2115327
1.43E+18,260.2929438,0.01470033,57.61563674,0.015391407,0.227190869,0.015663527,-7.158334186,0.019539127,-5.466614391,0.021803176,-135.93411,4.4201417,85.99514559,34.61040203,14.522741,14.954117,13.915053,1.0390635,1.0845175,6711.7036,1.2241321
1.43E+18,260.3246089,0.013609538,58.36002123,0.01348847,0.981059222,0.014105668,-3.173155622,0.018581115,9.520920184,0.019087126,-11.904349,4.8961425,86.89656401,34.55052531,14.269188,14.59779,13.780493,0.817297,1.0851152,973.06,1.1960537
1.43E+18,260.1616944,0.012338772,58.37916156,0.01253331,2.870399377,0.012754899,7.653599552,0.016792348,-47.6072393,0.01717875,3.1166937,1.3829113,86.92635859,34.63457592,12.951152,13.349371,12.389841,0.9595299,1.0854201,342.8234,1.2084415
1.43E+18,259.7067252,0.01090641,58.06020664,0.013222836,1.841452163,0.012755559,-3.870220791,0.014440608,-0.062351624,0.018030033,10.532652,1.5282146,86.55832635,34.89484164,12.102452,12.351229,11.691519,0.65970993,1.0862429,536.4186,1.1913013
1.43E+18,259.6284708,0.010130337,57.82422889,0.013446967,1.842893738,0.012351659,-13.29790479,0.013795552,25.3939981,0.019135889,-47.230328,2.7291372,86.27456747,34.95211805,13.380683,13.728816,12.871705,0.857111,1.0878528,527.0387,1.1989503
1.43E+18,259.517235,0.016003808,57.86978635,0.021186814,0.949365442,0.01875182,2.855297744,0.023159023,-11.89441857,0.02709556,-2.9233072,5.5530477,86.3349115,35.00811126,14.481208,14.81092,13.986304,0.8246155,1.0881573,1025.5312,1.1992933
1.43E+18,259.8879382,0.015979951,58.14829479,0.01628695,1.21648036,0.017482242,0.042797007,0.020167643,-22.26083046,0.022527765,-60.42833,4.5081553,86.65758871,34.79339886,14.360158,14.732358,13.815346,0.9170122,1.0885847,746.8204,1.2099853
1.43E+18,260.5968468,0.016728466,58.21704502,0.015300351,1.53948489,0.016207341,-4.993493391,0.022652784,4.303207931,0.019192925,-55.59145,5.1498647,86.71313373,34.41614448,14.498026,14.885088,13.943482,0.94160557,1.0972142,641.5989,1.2092465
1.43E+18,260.5682221,0.012997357,58.19097558,0.011503309,1.97295443,0.01232829,2.775102228,0.018097062,10.25669364,0.015133108,-43.303726,3.1345212,86.68261035,34.43267216,13.925903,14.347831,13.3446045,1.0032263,1.1000178,501.7076,1.2107025
1.43E+18,260.4116396,0.013312244,58.08381265,0.012099539,15.12587979,0.014070698,-8.825801321,0.01591423,-398.7020687,0.017477017,-65.3696,1.5607921,86.55853789,34.52130066,13.750338,14.929984,12.670505,2.2594795,1.1002685,66.4893,1.3826935
1.43E+18,260.1835984,0.013754312,57.59018569,0.013648377,0.830316351,0.014100593,5.242719945,0.017776165,-0.426968982,0.0197702,-46.86599,5.650197,85.96812837,34.6702847,14.258074,14.639759,13.715365,0.92439365,1.1055772,1120.7274,1.2041616
1.43E+18,260.1297291,0.011324457,57.925331,0.011238575,1.234556644,0.011385826,0.573510504,0.015912103,-12.70549541,0.016174832,-28.984253,2.208483,86.37698819,34.67971737,13.410553,13.76909,12.889364,0.87972546,1.1077008,784.3967,1.2015401
1.43E+18,260.5311899,0.014067389,58.38905592,0.013537069,13.71163802,0.014268247,46.39069762,0.02039297,30.89831865,0.017807301,-42.476177,3.9325638,86.92374347,34.44063791,14.294838,15.667486,13.142189,2.5252972,1.1090776,73.4182,1.4217834
1.43E+18,259.866354,0.011564129,57.77476135,0.010855312,0.48616783,0.011263225,0.174782709,0.013667384,-2.500133406,0.013464687,26.029964,0.45956668,86.2044679,34.82878912,12.580323,13.151066,11.865978,1.2850876,1.1120584,2391.9114,1.2414557
1.43E+18,260.1945084,0.012960378,58.05965404,0.012808338,1.498595144,0.013892464,-3.583959945,0.016637735,0.233663558,0.018013764,30.703415,3.7479663,86.53747851,34.6373577,13.689674,13.98792,13.228959,0.7589607,1.1148779,632.0667,1.1944501
1.43E+18,260.2956629,0.013916371,57.8348953,0.013471579,2.392631123,0.014332213,-21.552553,0.016563067,25.88323649,0.017670399,-36.804413,1.6634815,86.26102687,34.59689394,12.920403,13.254517,12.417956,0.83656025,1.1190873,407.0931,1.2017556
1.43E+18,260.5727482,0.015180417,57.81678382,0.014859569,1.245270431,0.015221469,-4.06016712,0.017872315,-17.53668665,0.018521594,-13.066709,1.6462431,86.22938929,34.4505433,12.964365,13.351256,12.407794,0.9434624,1.1196455,732.2579,1.2106377
1.43E+18,259.4920971,0.012784496,58.3477969,0.012084413,1.538443646,0.01409068,-17.5667487,0.015657423,14.40573602,0.017425673,-49.041683,1.5022339,86.9181015,34.98712993,12.727706,13.072697,12.2097435,0.8629532,1.1244763,648.7751,1.2060655
1.43E+18,260.5107678,0.01822603,57.84812989,0.017121408,1.371315716,0.018805882,0.008930902,0.020292314,-2.500541495,0.022173895,-39.91835,5.289991,86.26946,34.48184876,14.593993,14.974674,14.010316,0.9643583,1.1263938,711.3998,1.231318
1.43E+18,259.7761214,0.015214437,57.61142082,0.01512605,1.192768295,0.015932519,-4.055081438,0.01850581,9.732659624,0.019634897,-11.99656,1.7169155,86.00942019,34.88700918,12.945072,13.233614,12.494116,0.73949814,1.1277207,816.663,1.1936398
1.43E+18,260.6736746,0.010250095,57.62460388,0.011208181,1.868205212,0.010959557,-2.507588551,0.013475712,7.049892806,0.013539866,-24.25325,2.9035006,85.99342173,34.4063173,13.412805,13.767223,12.894169,0.8730545,1.1330271,528.577,1.2019233
1.43E+18,259.6588617,0.017695116,58.38633904,0.021415029,2.046965245,0.0207637,-2.389322642,0.02634444,-8.970853977,0.029066727,-7.917429,12.64248,86.95713234,34.89706462,14.773474,15.322147,14.077792,1.2443552,1.1341261,481.2063,1.236408
1.43E+18,260.401611,0.013596264,57.62450828,0.01404786,1.610489505,0.014491179,-2.217039629,0.017640205,-10.78251188,0.019567821,-10.875329,3.4080498,86.00216415,34.55181938,14.30775,14.73837,13.706324,1.0320463,1.1351429,619.0645,1.2202337
1.43E+18,260.6095984,0.019993074,58.33045764,0.01868692,4.497125541,0.019788947,11.11297644,0.030026907,37.5160308,0.024124848,-22.597738,3.7421474,86.84991551,34.40299869,15.011682,16.025518,14.013936,2.0115824,1.1369708,228.4506,1.3401988
1.43E+18,260.4710629,0.013478399,58.1516693,0.011801215,1.583211008,0.013406965,-8.31657993,0.015798843,-30.99790849,0.016019775,15.1484785,1.6768478,86.63855415,34.4860666,12.672288,12.967056,12.209622,0.7574339,1.1381491,623.5182,1.1973746
1.43E+18,260.278294,0.02895472,58.23047088,0.02762184,12.19569508,0.028943906,-174.7373355,0.037631854,32.51729976,0.038621433,-20.504808,9.489788,86.74136526,34.58281561,15.463543,17.061918,14.231391,2.8305273,1.1395396,,1.4757867
1.43E+18,259.9039651,0.011214251,57.60938407,0.010277601,0.464717335,0.011470477,0.895306622,0.013625414,-1.788658445,0.013607757,-52.32973,1.0531408,86.00189655,34.81877517,12.635086,13.22546,11.904563,1.3208971,1.1464204,,1.2459736
1.43E+18,260.4666742,0.012245681,57.562292,0.012609793,0.750608899,0.012949512,5.277548863,0.017005678,-1.558227162,0.01733259,-22.131756,3.8656185,85.92456559,34.52018856,13.972715,14.287337,13.496348,0.7909889,1.1504103,1546.1399,1.1955441
1.43E+18,260.0314957,0.012979899,57.81701804,0.011986585,2.141353201,0.012911679,-7.984350072,0.016253356,21.92733549,0.018204633,-54.748184,1.5462797,86.24927837,34.73836285,12.8344145,13.129714,12.3731365,0.7565775,1.1507688,468.0062,1.196281
1.43E+18,260.5844204,0.017443996,58.24215569,0.017025456,0.958762904,0.017256483,-7.557658423,0.024539422,3.188771804,0.021925816,-51.04865,5.0417223,86.74397331,34.42125684,14.510349,14.809197,14.046394,0.7628031,1.1537763,1016.0233,1.1960677
1.43E+18,259.9708523,0.01392891,58.03106916,0.015449445,1.525317904,0.015347308,-14.61231657,0.01827912,6.593877363,0.021576444,-33.180683,1.6353362,86.51171096,34.7572726,12.913855,13.201298,12.464968,0.73633003,1.1565791,643.943,1.1929879
1.43E+18,260.3007727,0.0108981,57.82584038,0.010233155,0.248413316,0.011201085,-3.157065643,0.012704333,-7.804237719,0.01405054,-107.21494,0.47380745,86.24985856,34.59468653,12.238869,12.909923,11.451674,1.4582481,1.1708568,,1.260023
1.43E+18,259.7517959,0.01634398,58.16231038,0.019543733,5.611785986,0.01819028,24.73037393,0.020281443,-62.64075463,0.024742156,-39.056877,2.2556791,86.68051927,34.86412268,11.061563,11.433778,10.524431,0.9093466,1.1782295,176.5042,1.2050775
1.43E+18,260.6777446,0.017657142,58.09138599,0.016293196,3.022028645,0.01748065,16.44045519,0.021959305,-19.17719505,0.02010622,-46.564083,0.22408007,86.55823172,34.38042828,8.317912,8.906725,7.5909514,1.3157735,1.1823515,,1.243878
1.43E+18,259.9471429,0.014892662,57.87216388,0.015110395,2.474473686,0.015413208,1.559248674,0.020061376,-30.74012178,0.021754367,4.5502057,3.1678002,86.31961245,34.77980694,14.083105,14.574807,13.432087,1.1427202,1.1960521,403.2507,1.2277818
1.43E+18,259.4879528,0.0156252,57.66253712,0.018408593,0.791955371,0.016490491,-8.014249685,0.021182023,-12.82849215,0.023393057,-7.374661,4.4712596,86.08369939,35.03767667,14.089112,14.46637,13.539554,0.926816,1.1975608,1073.2047,1.210639
1.43E+18,260.022322,0.014259564,57.86233957,0.013914194,0.642543809,0.014603466,-0.416301061,0.01822967,-10.47089078,0.020469327,-25.895214,1.1596653,86.30468894,34.740499,12.917608,13.398786,12.27451,1.1242752,1.1992341,1708.1202,1.2267009
1.43E+18,259.4637818,0.023386301,57.93524578,0.029502565,2.631267992,0.025539087,19.95298894,0.033588093,12.16055445,0.039082784,-52.805546,6.5303683,86.4170539,35.03190883,15.198139,15.978413,14.33109,1.6473227,1.2105622,398.0551,1.2889503
1.43E+18,260.3886329,0.014516386,58.20771221,0.013768944,3.836679531,0.014908889,15.86687615,0.01857805,3.50880667,0.01873102,-42.622074,1.1302836,86.70952547,34.52618191,12.879876,13.331874,12.265637,1.0662365,1.2137016,252.901,1.219419
1.43E+18,259.4953802,0.013745177,58.30178072,0.013636784,0.376286645,0.015370792,-6.036454944,0.01750113,1.048584702,0.019335963,-102.762375,1.6392721,86.86193347,34.98883419,13.627921,14.126966,12.958816,1.1681509,1.2565191,1904.5831,1.2375535
1.43E+18,260.4320433,0.016861899,58.20036924,0.014694844,0.656830379,0.017251756,-3.711470196,0.019918695,2.069653925,0.02026381,6.4362206,0.9459773,86.69899222,34.50378203,12.89472,13.402281,12.229971,1.1723099,1.2633373,1382.6052,1.2308531
1.43E+18,259.7539613,0.015208737,57.64691467,0.014685036,1.3464022,0.015425752,-4.160247281,0.01904259,-22.81894498,0.019153902,-34.438343,2.5956113,86.05350461,34.89665637,13.630519,14.010284,13.087176,0.9231081,1.2681103,719.9027,1.2054707
1.43E+18,260.5079988,0.016791454,57.93405613,0.0159382,2.200450185,0.017684558,3.84655846,0.022202957,-14.64446243,0.02168944,7.592834,1.9706502,86.37364413,34.47870116,12.862397,13.178133,12.378169,0.79996395,1.2824101,453.3798,1.1997305
1.43E+18,260.3786256,0.020008888,57.99230965,0.018046137,1.086232509,0.020524418,-13.68529601,0.02649646,7.627946949,0.02541401,-45.632473,4.4413652,86.44885994,34.54398412,14.329792,14.705079,13.79504,0.91003895,1.3104718,,1.202112
1.43E+18,259.9029626,0.013893462,58.31878206,0.018980224,1.852391943,0.016026936,-5.61077993,0.01754449,7.82208601,0.026511956,-40.000153,1.9565597,86.86405262,34.77405687,12.511092,12.794633,12.06066,0.73397255,1.311415,,1.195899
1.43E+18,259.8618245,0.01327579,57.79937622,0.014031068,0.472232454,0.013917764,-2.465800025,0.016319497,3.386661357,0.017246135,4.761629,0.16445574,86.2345796,34.82966686,10.30808,11.110573,9.441217,1.6693554,1.3119965,,1.2816273
1.43E+18,260.5804946,0.025034195,58.1405117,0.02412212,4.852072105,0.02556268,-23.8573005,0.0336299,5.424776364,0.03153086,-20.804115,5.582388,86.62108423,34.42903657,15.036622,16.158628,13.959855,2.1987734,1.3737822,,1.3928252
